DoctorID,Name,Specialty,ContactInfo
1,William Gonzalez,Cardiology,575-998-3704x82249
2,Mark Gray,Pediatrics,001-847-504-1335x138
3,Alexandra Brewer,Pediatrics,727-306-7529x49985
4,Sean Murphy,Cardiology,(630)963-1906x1055
5,Carlos Smith,Orthopedics,8015817309
6,Nancy Petty,Neurology,001-716-805-1567
7,Richard Navarro,Cardiology,+1-485-523-2907x8047
8,Mary Cantrell,Orthopedics,497.564.9965
9,Meghan Perkins,Orthopedics,+1-836-826-7668x212
10,Marissa Adams,Pediatrics,4422281906
11,Gregory Mendoza,Orthopedics,001-224-925-8979
12,Denise Gibson,Cardiology,(837)688-0549x2352
13,Elizabeth Hernandez,Pediatrics,200.726.1399x045
14,David Lane,Cardiology,+1-737-259-1385x073
15,Ann Jacobs,Cardiology,813.863.0768x285
16,Marc Ford,Neurology,611-857-1683
17,Cheryl Anderson,Neurology,863.263.3734x95253
18,Lisa Good,Cardiology,+1-863-981-2087x11737
19,Alexis Holloway,Orthopedics,(966)823-2944x53892
20,Kevin Perez,Dermatology,214.863.7523
21,Theodore Johnson,Pediatrics,+1-512-444-9110x09576
22,Heather Martinez,Neurology,+1-960-600-7704x2472
23,Lisa Walker,Neurology,8582976561
24,Michael Reyes,Cardiology,453-275-7956x019
25,Miss Angela Johnson,Dermatology,394.535.0213x840
26,Larry Perez,Orthopedics,876-724-8660x862
27,Robert Murphy,Orthopedics,4113965843
28,Alexis Valentine,Dermatology,+1-392-260-2206x91327
29,Brittney Waters,Pediatrics,971-235-0294x606
30,James Hall,Orthopedics,5683164233
31,Jason Young,Neurology,(797)508-2809x3295
32,John Martinez Jr.,Orthopedics,9986538872
33,Katelyn Norman,Orthopedics,001-247-689-0505x8407
34,April Phillips,Cardiology,001-682-613-9369x48898
35,Thomas Hale,Orthopedics,001-668-556-4942x1448
36,Bethany Cabrera,Orthopedics,907-239-0581x11798
37,Mr. John Hughes,Dermatology,(963)698-7116
38,Casey Morales,Dermatology,798.737.3859x831
39,Barbara Browning,Neurology,+1-615-748-2331x847
40,Nicholas Harris,Orthopedics,001-238-570-4510
41,David Mejia,Cardiology,424-382-9521x1467
42,Jennifer Barrett,Cardiology,(792)848-0250
43,Kathleen Garcia,Orthopedics,814-743-9728
44,Christopher Jones,Orthopedics,276.644.4380
45,Vickie Dalton,Orthopedics,(788)897-6128
46,Stephanie Jimenez,Neurology,697.484.9692
47,Daniel Mayer,Pediatrics,653-809-3161x474
48,Aaron Watson,Pediatrics,682.832.1280x93771
49,Alexander Davis,Dermatology,(431)393-0103x03182
50,Jonathan Yu,Neurology,(516)780-9817
51,Samuel Foster,Cardiology,467-387-8501x342
52,Angela Smith,Cardiology,(985)326-2778x06256
53,Michael Cunningham,Pediatrics,001-742-572-4635x136
54,Joanna Tran,Pediatrics,330-837-9786
55,Kristie Soto,Pediatrics,941.612.1965
56,Joseph Ross,Dermatology,001-452-463-6033x11371
57,Douglas English,Dermatology,(817)367-4824
58,David Gutierrez,Orthopedics,638-482-0893x0916
59,Alyssa Kerr,Neurology,+1-493-607-6443
60,Denise Simmons,Neurology,+1-827-672-6516x192
61,Jonathan Morris,Cardiology,468.794.9689x02249
62,Jessica Price,Neurology,7373024130
63,Brandi Stephens,Dermatology,359.587.0834x74386
64,Michael Garcia,Orthopedics,(623)988-7404
65,Ruben Lee,Neurology,292.781.7452
66,Dr. Molly Smith,Cardiology,001-789-736-3158
67,Dale Mahoney,Neurology,001-532-279-3218x0433
68,William Thompson,Orthopedics,+1-631-766-5654
69,David Bowman,Orthopedics,459-283-6482
70,Amy West,Neurology,(863)921-1319
71,Alice Perry,Pediatrics,+1-485-997-4523
72,Peter Crawford,Pediatrics,001-675-360-9108x963
73,Jared Martinez,Cardiology,+1-262-464-5095x5288
74,Autumn Kelly,Pediatrics,220-811-5960x05699
75,Alice Griffin,Neurology,331-890-8982
76,Brandy Martin,Neurology,4565468790
77,Manuel Peck,Orthopedics,441-203-1997x14549
78,Tammy Fields,Pediatrics,+1-613-794-7713x7528
79,Meredith Elliott,Dermatology,001-435-366-0835x8078
80,Tracy Adkins,Orthopedics,(220)561-2720x10783
81,Joshua Carter,Orthopedics,001-539-807-5504x59759
82,Angela Howard,Neurology,001-446-634-6266x621
83,Diane Sharp,Dermatology,796-262-9492x0863
84,Michelle Koch,Orthopedics,4956343277
85,Randy Dominguez,Pediatrics,522.210.5434
86,Miguel Hardin,Neurology,410-261-4571x66126
87,Stephanie Brooks,Orthopedics,748-859-1730x86851
88,Angela Moore,Pediatrics,716.687.0197
89,Julie Cooper,Neurology,+1-577-842-8488x18373
90,Rebecca Caldwell,Orthopedics,863-556-9970x88652
91,Julia Bailey,Dermatology,(788)573-4895x9607
92,Lori Wilson,Cardiology,2126690545
93,Cynthia Randolph,Dermatology,8796694256
94,Vanessa Brown,Dermatology,001-917-342-4497
95,Richard Mclean,Dermatology,+1-761-807-1539x086
96,Christopher Mayer,Orthopedics,9927499808
97,Valerie Edwards,Cardiology,(708)551-5142x311
98,Chase Wallace,Neurology,(898)568-5073x744
99,Stephen Vasquez,Dermatology,718-515-4765
100,Jeffrey Mcclure,Neurology,001-575-615-0423x458
